Area.Name,State,Region,NPS.Fee.Acres,Park.Name,y2009,y2010,y2011,y2012,y2013,y2014,y2015,y2016,y2017,y2018,Average,Visit_Type,Number of PhotosACADIA NP,ME,NER,37438.18,Acadia NP,2227698,2504208,2374645,2431052,2254922,2563129,2811184,3303393,3509271,3537575,2751708,Recreation,ARCHES NP,UT,IMR,76545.95,Arches NP,996312,1014405,1040758,1070577,1082866,1284767,1399247,1585718,1539028,1663557,1267724,Recreation,31373BADLANDS NP,SD,MWR,111487.63,Badlands NP,933918,977778,870741,883406,892372,868094,989354,996263,1054325,1008942,947519,Recreation,11416BIG BEND NP,TX,IMR,775273.38,Big Bend NP,363905,372330,361862,292055,316953,314102,381747,388290,440276,440091,367161,Recreation,13630BISCAYNE NP,FL,SER,171376.96,Biscayne NP,437745,467612,476077,495613,486848,525745,508164,514709,446961,469253,482873,Recreation,BLACK CANYON OF THE GUNNISON NP,CO,IMR,29828.28,Black Canyon of the Gunnison NP,171451,176344,168336,192570,175852,183045,209166,238018,307143,308962,213089,Recreation,BRYCE CANYON NP,UT,IMR,35832.58,Bryce Canyon NP,1216377,1285492,1296000,1385352,1311875,1435741,1745804,2365110,2571684,2679478,1729291,Recreation,33392CANYONLANDS NP,UT,IMR,337269.4,Canyonlands NP,436241,435908,473773,452952,462242,542431,634607,776218,742271,739449,569609,Recreation,14546CAPITOL REEF NP,UT,IMR,241223.33,Capitol Reef NP,617208,662661,668834,673345,663670,786514,941029,1064904,1150165,1227627,845596,Recreation,CARLSBAD CAVERNS NP,NM,IMR,46427.26,Carlsbad Caverns NP,432639,428524,365000,381058,388566,397309,445720,466773,520026,465912,429153,Recreation,7219CHANNEL ISLANDS NP,CA,PWR,69425.66,Channel Islands NP,348745,277515,242756,249594,212029,342161,324816,364807,383687,366250,311236,Recreation,CONGAREE NP,SC,SER,26384.83,Congaree NP,122970,121208,120166,109685,120340,120122,87513,143843,159595,145929,125137,Recreation,CRATER LAKE NP,OR,PWR,183223.77,Crater Lake NP,446516,448319,423551,447251,523027,535508,614712,756344,711749,720659,562764,Recreation,12356CUYAHOGA VALLEY NP,OH,MWR,19057.54,Cuyahoga Valley NP,2589288,2492670,2161185,2299722,2103010,2189849,2284612,2423390,2226879,2096053,2286666,Recreation,DEATH VALLEY NP,CA-NV,PWR,3320765.33,Death Valley NP,828574,984775,946867,984568,951972,1101312,1154843,1296283,1294827,1678660,1122268,Recreation,DENALI NP,AK,AKR,4732648.51,Denali NP,358041,378855,406582,388433,530922,531315,560757,587412,642809,594660,497979,Recreation,10022DRY TORTUGAS NP,FL,SER,61481.22,Dry Tortugas NP,52011,53890,75171,60550,58401,64865,70862,73661,54281,56810,62050,Recreation,EVERGLADES EXPANSION,FL 6/,SER,108377.19,NA,NA,NA,NA,NA,NA,NA,NA,NA,NA,NA,NA,NA,EVERGLADES NP,FL 6/,SER,1400253.48,Everglades NP,900882,915538,934351,1141906,1047116,1110901,1077427,930907,1018557,597124,967471,Recreation,GATES OF THE ARCTIC NP,AK,AKR,7276030.2,Gates of the Arctic NP,9975,10840,11623,10899,11012,12669,10745,10047,11177,9591,10858,Recreation,GATEWAY ARCH NP,MO-IL,MWR,85.46,Gateway Arch NP,2360109,2436110,2259020,2496726,2377258,1817091,1698656,1271855,1398188,2016180,2013119,Recreation,GLACIER BAY NP,AK,AKR,3222284.2,Glacier Bay NP,438361,444530,431986,454337,500590,500727,551353,520171,547057,597915,498703,Recreation,6854GLACIER NP,MT,IMR,1012842.8,Glacier NP,2031348,2200048,1853564,2162035,2190374,2338528,2366056,2946681,3305512,2965309,2435946,Recreation,GRAND CANYON NP,AZ,IMR,1180650.85,Grand Canyon NP,4348068,4388386,4298178,4421352,4564840,4756771,5520736,5969811,6254238,6380495,5090288,Recreation,GRAND TETON NP,WY,IMR,273477.58,Grand Teton NP,2580081,2669374,2587437,2705256,2688794,2791392,3149921,3270076,3317000,3491151,2925048,Recreation,GREAT BASIN NP,NV,PWR,77180,Great Basin NP,84974,88870,91451,94850,92893,107526,116123,144846,168028,153094,114266,Recreation,GREAT SAND DUNES NP,CO,IMR,94687.84,Great Sand Dunes NP,289955,283284,280058,254674,242841,271774,299513,388308,486935,442905,324025,Recreation,GREAT SMOKY MOUNTAINS NP,TN-NC,SER,521984.15,Great Smoky Mountains NP,9491437,9463538,9008830,9685829,9354695,10099276,10712674,11312786,11338893,11421200,10188916,Recreation,GUADALUPE MOUNTAINS NP,TX,IMR,86367.1,Guadalupe Mountains NP,198882,192210,152546,159360,145670,166868,169535,181839,225257,172347,176451,Recreation,HALEAKALA NP,HI,PWR,33264.47,Haleakala NP,1109104,1105606,956989,1094668,785300,1142040,1216772,1263558,1112390,1044084,1083051,Recreation,HAWAII VOLCANOES NP,HI,PWR,325605.28,Hawaii Volcanoes NP,1233105,1304667,1352123,1483928,1583209,1693005,1832660,1887580,2016702,1116891,1550387,Recreation,HOT SPRINGS NP,AR,MWR,5003,Hot Springs NP,1284707,1311807,1396354,1302505,1325719,1424484,1418162,1544300,1561616,1506887,1407654,Recreation,ISLE ROYALE NP,MI,MWR,539281.91,Isle Royale NP,14653,15793,15892,16663,16274,14560,18684,24966,28196,25798,19148,Recreation,JOSHUA TREE NP,CA,PWR,779163.11,Joshua Tree NP,1304471,1434976,1396237,1396117,1383340,1589904,2025756,2505286,2853619,2942382,1883209,Recreation,KATMAI NP,AK,AKR,3611536.5,Katmai NP,43035,55172,48939,39818,28966,30896,37818,37818,37818,37818,39810,Recreation,KENAI FJORDS NP,AK,AKR,603129.86,Kenai Fjords NP,218358,297596,346852,281279,283502,270666,296697,346534,303598,321596,296668,Recreation,KINGS CANYON NP,CA,PWR,461846.05,Kings Canyon NP,609296,598205,566810,591033,567544,502268,468106,607479,692932,699023,590270,Recreation,KOBUK VALLEY NP,AK,AKR,1714413.42,Kobuk Valley NP,1879,3164,11485,29550,16875,0,0,15500,15500,14937,10889,Recreation,LAKE CLARK NP,AK,AKR,2481439.42,Lake Clark NP,9711,9931,5158,11639,13000,16100,17818,21102,22755,14479,14169,Recreation,LASSEN VOLCANIC NP,CA,PWR,106504.8,Lassen Volcanic NP,365639,384570,351269,407653,427409,432977,468092,536068,507256,499435,438037,Recreation,MAMMOTH CAVE NP,KY,SER,52003.24,Mammoth Cave NP,503856,497225,483319,508054,494541,522628,566895,586514,587853,533206,528409,Recreation,MESA VERDE NP,CO,IMR,52253.29,Mesa Verde NP,550377,559712,572329,488860,460237,501563,547325,583527,613788,563420,544114,Recreation,MOUNT RAINIER NP,WA,PWR,236326.85,Mount Rainier NP,1151654,1191754,1038229,1049178,1148552,1264259,1237231,1356913,1415867,1518491,1237213,Recreation,13863NORTH CASCADES NP,WA,PWR,504654.18,North Cascades NP,26972,24659,19208,26935,21623,23865,20677,28646,30326,30085,25300,Recreation,OLYMPIC NP,WA,PWR,913409.19,Olympic NP,3276459,2844563,2966502,2824908,3085340,3243872,3263761,3390221,3401996,3104455,3140208,Recreation,PETRIFIED FOREST NP,AZ,IMR,147024.45,Petrified Forest NP,631613,664725,614054,664857,644648,836799,793225,643274,627757,644922,676587,Recreation,9203PINNACLES NP,CA,PWR,26674.6,Pinnacles NP,171112,246575,393219,224476,237677,196635,206533,215555,233334,222152,234727,Recreation,REDWOOD NP,CA,PWR,77715.18,Redwood NP,444426,418820,380167,352517,393364,429166,527143,536297,445000,482536,440944,Recreation,ROCKY MOUNTAIN NP,CO,IMR,264263.5,Rocky Mountain NP,2822325,2955821,3176941,3229617,2991141,3434751,4155916,4517585,4437215,4590493,3631181,Recreation,SAGUARO NP,AZ,IMR,87908.7,Saguaro NP,665234,717614,610045,634286,678261,673572,753446,820426,964760,957405,747505,Recreation,SEQUOIA NP,CA,PWR,403893.31,Sequoia NP,965170,1002979,1006583,1106584,909274,1039137,1097464,1254688,1291256,1229594,1090273,Recreation,SHENANDOAH NP,VA,NER,197536.49,Shenandoah NP,1120981,1253386,1209883,1210200,1136505,1255321,1321873,1437341,1458874,1264880,1266924,Recreation,THEODORE ROOSEVELT NP,ND,MWR,69550.88,Theodore Roosevelt NP,586928,623748,563407,640555,545090,559580,580033,753880,708003,749389,631061,Recreation,VIRGIN ISLANDS NP,VI,SER,13102.24,Virgin Islands NP,415847,493477,442414,483341,438601,426930,438372,411343,304408,112287,396702,Recreation,VOYAGEURS NP,MN,MWR,133108.69,Voyageurs NP,222429,253891,177184,214841,233390,239160,238313,241912,237250,239656,229803,Recreation,WIND CAVE NP,SD,MWR,33970.84,Wind Cave NP,587868,577141,538394,529083,516142,547022,612198,617377,619924,656397,580155,Recreation,WRANGELL-ST. ELIAS NP,AK,AKR,7956689.25,Wrangell-St. Elias NP,59966,73170,65225,87158,69984,74722,80366,79047,68292,79450,73738,Recreation,YELLOWSTONE NP,ID-MT-WY,IMR,2219789.13,Yellowstone NP,3295187,3640185,3394326,3447729,3188030,3513484,4097710,4257177,4116524,4115000,3706535,Recreation,YOSEMITE NP,CA,PWR,759690.11,Yosemite NP,3737472,3901408,3951393,3853404,3691191,3882642,4150217,5028868,4336890,4009436,4054292,Recreation,ZION NP,UT,IMR,143788.46,Zion NP,2735402,2665972,2825505,2973607,2807387,3189696,3648846,4295127,4504812,4320033,3396639,Recreation,